REPO	protocol	origin/main	594122f4c8047f530c4b3bb403a614ee96217448
REPO	zkp2p-v2-contracts	origin/main	764a125d7a859184127a36c44de3beaf5611c0d5
FILE	zkp2p-v2-contracts	archive/Quoter.sol	2d7c5813e7b531dd687f9f58744ec1025d7a484a
FILE	zkp2p-v2-contracts	archive/external/Claims.sol	2afea6fa0d852ed16d4f2a7f8bff781cb38cd017
FILE	zkp2p-v2-contracts	archive/external/DateTime.sol	dffa3b9c05b5ee2c473a0d75a3783e96e2f6a190
FILE	zkp2p-v2-contracts	archive/external/ReclaimStringUtils.sol	785f2cd9bbdd45634e07692fe5bba38e6da1e1d0
FILE	zkp2p-v2-contracts	archive/keyHashAdapters/IKeyHashAdapterV2.sol	33979de46e6a8c338ded8eec7b84267e557c3751
FILE	zkp2p-v2-contracts	archive/keyHashAdapters/ManagedKeyHashAdapterV2.sol	08d7e500fb8a39f0396a87e97431354d80390a9a
FILE	zkp2p-v2-contracts	archive/lib/Bytes32ConversionUtils.sol	72c75b7d53e176c01357cb0af01a02c1cca3af05
FILE	zkp2p-v2-contracts	archive/lib/ClaimVerifier.sol	1e6c88a968d5c26434bd572e915c679bbb41cd70
FILE	zkp2p-v2-contracts	archive/lib/DateParsing.sol	715b62f38bfff50c273cff75d24132415a2de061
FILE	zkp2p-v2-contracts	archive/lib/StringConversionUtils.sol	51a8d8102f9af087820aa72357b5853592d15dfc
FILE	zkp2p-v2-contracts	archive/mocks/ClaimVerifierMock.sol	a62699f30b8c68d92c5abaf7c2f1081aeb959bd4
FILE	zkp2p-v2-contracts	archive/mocks/StringConversionUtilsMock.sol	acd5938925de738d5f6eb36fbbbe0f55f949c4d8
FILE	zkp2p-v2-contracts	archive/orchestrator-v2-pre-relayer-cut/OrchestratorV2.sol	3a4497f30046dcedfaa0fdcbb223bc46478f79f0
FILE	zkp2p-v2-contracts	archive/verifiers/BaseVerifiers/BasePaymentVerifier.sol	5fb1c81814b3df587a51f5596c2f97a2044e3499
FILE	zkp2p-v2-contracts	archive/verifiers/BaseVerifiers/BaseReclaimPaymentVerifier.sol	515e06dabc76bc24c1037dc51c611afe1da03633
FILE	zkp2p-v2-contracts	archive/verifiers/BaseVerifiers/BaseReclaimVerifier.sol	a265037f4f5de0cf98bc269fd61fd974f6aafbd9
FILE	zkp2p-v2-contracts	archive/verifiers/CashappReclaimVerifier.sol	3ef51165db420b06cbcabcec60bd7eb7525daede
FILE	zkp2p-v2-contracts	archive/verifiers/MercadoPagoReclaimVerifier.sol	4e36f2a9f025bd9bed0f310b34851d15f6d2836e
FILE	zkp2p-v2-contracts	archive/verifiers/RevolutReclaimVerifier.sol	2b619e283c13ea0cc23fd43a2d9515c65b394600
FILE	zkp2p-v2-contracts	archive/verifiers/VenmoReclaimVerifier.sol	01aa872f8b63117d6e867fb3cd8b240f8b787cf9
FILE	zkp2p-v2-contracts	archive/verifiers/WiseReclaimVerifier.sol	214882441cdbbe9e38e0755c544fad6aaf50b13c
FILE	zkp2p-v2-contracts	archive/verifiers/ZelleBaseVerifier.sol	0f5430faf8951f0675cbdd29f4607997720f81c6
FILE	zkp2p-v2-contracts	archive/verifiers/ZelleVerifiers/ZelleBoAReclaimVerifier.sol	77f03134d2f17b3d136bdc2f9305a672476df212
FILE	zkp2p-v2-contracts	archive/verifiers/ZelleVerifiers/ZelleChaseReclaimVerifier.sol	a183febd2a10600d802e813f1f3fcbf87818189d
FILE	zkp2p-v2-contracts	archive/verifiers/ZelleVerifiers/ZelleCitiReclaimVerifier.sol	fecc5910f7dbb5b67bf265b542a183fdccd63c04
FILE	zkp2p-v2-contracts	archive/verifiers/interfaces/IBasePaymentVerifier.sol	ab28e47e8f565592ca3eb28b83516ff28e196f52
FILE	zkp2p-v2-contracts	archive/verifiers/interfaces/IReclaimVerifier.sol	124283422f74572c48658518e4914aec32a05e7e
FILE	zkp2p-v2-contracts	contracts/Escrow.sol	93bfac01fd48d48b1a36deee541df4240850061f
FILE	zkp2p-v2-contracts	contracts/EscrowV2.sol	44ac5ff2611b6e92f9652daaacffbff9c46ea5a4
FILE	zkp2p-v2-contracts	contracts/IntentGuardian.sol	e888f018d693ed6b57d3341d19d70c92f50f9ddc
FILE	zkp2p-v2-contracts	contracts/Orchestrator.sol	b1f46d6be2a1cf454671f878b66170f346c62fd4
FILE	zkp2p-v2-contracts	contracts/OrchestratorV2.sol	6606471d9912c4b6cae8126bbf0302c929118e37
FILE	zkp2p-v2-contracts	contracts/OrchestratorV3.sol	bc20e88422918eeed1185ca6cd1f1639af4f52ba
FILE	zkp2p-v2-contracts	contracts/ProtocolViewer.sol	20111eca48bc5d05c4ba4770b09a0ef09f243247
FILE	zkp2p-v2-contracts	contracts/ProtocolViewerV2.sol	9d34f096d9be1479d939b78fe4e39bebe4dc768c
FILE	zkp2p-v2-contracts	contracts/RateManagerV1.sol	5672b9c1d1f4c4a19bc303041b81e9fadd6b3217
FILE	zkp2p-v2-contracts	contracts/RiskManager.sol	e0b1d6acaea1c16d7072aba3a4cd7a67bf1e1363
FILE	zkp2p-v2-contracts	contracts/StakeVault.sol	b102415247192a41f3042be30a160a2a2c40928e
FILE	zkp2p-v2-contracts	contracts/external/AddressArrayUtils.sol	ff517866d9f694994154262de9897d97831510f5
FILE	zkp2p-v2-contracts	contracts/external/Bytes32ArrayUtils.sol	fdc0b567ba9c3bdcea4f30ae1a2049dc0a5c7941
FILE	zkp2p-v2-contracts	contracts/external/StringArrayUtils.sol	cd5d7294fb9e14b3948540082de513f0fc98fbdc
FILE	zkp2p-v2-contracts	contracts/external/Uint256ArrayUtils.sol	8fb305b71fb3ef068dee17a02a961daf09783775
FILE	zkp2p-v2-contracts	contracts/hooks/SignatureGatingPreIntentHook.sol	175e9c29a15ea7d4ce68a77c1d276ffab8667859
FILE	zkp2p-v2-contracts	contracts/hooks/WhitelistPreIntentHook.sol	4f01f027824cca59d218401fda746b817e9f53dc
FILE	zkp2p-v2-contracts	contracts/hooks/WhitelistPreIntentHookV2.sol	3571140ef7d37b4fe7c754f79355bb95b754e3ec
FILE	zkp2p-v2-contracts	contracts/interfaces/IAddressGroupRegistry.sol	df212c83fa2f416bb0dfb87b98f8b1c6e57b2859
FILE	zkp2p-v2-contracts	contracts/interfaces/IAttestationVerifier.sol	511c3c2cddbc4719bb9b20b8659c38f6b7295083
FILE	zkp2p-v2-contracts	contracts/interfaces/IChainlinkAggregatorV3.sol	a2468d9071d45cb8792dd2a1ee4835cc3ed12432
FILE	zkp2p-v2-contracts	contracts/interfaces/IEscrow.sol	4d363248aaa5af6ed62a1da0a4a9f8f1c3ec10fb
FILE	zkp2p-v2-contracts	contracts/interfaces/IEscrowRegistry.sol	d4c72b332512dd2bb6c76e4a71fc48478612038b
FILE	zkp2p-v2-contracts	contracts/interfaces/IEscrowV2.sol	6d0be31746c9557d4cca8d2169dc6032b60a9c2b
FILE	zkp2p-v2-contracts	contracts/interfaces/IIntentGuardian.sol	4cb0b6eca33681ba5379dbbb3dc09999087854a2
FILE	zkp2p-v2-contracts	contracts/interfaces/IIntentRiskHook.sol	d2f5523211a2d9f9559f68259966bf031e57d134
FILE	zkp2p-v2-contracts	contracts/interfaces/INullifierRegistry.sol	744e3fba83bc94d8f6ef5e1038e5ff7e7883f78a
FILE	zkp2p-v2-contracts	contracts/interfaces/INullifierRegistryV2.sol	62c4247848f30e2b6c30fbc485cb10173e7d366c
FILE	zkp2p-v2-contracts	contracts/interfaces/IOracleAdapter.sol	0aaad3ed2aa9d2fa5ac88a536ec8ff415a523b21
FILE	zkp2p-v2-contracts	contracts/interfaces/IOrchestrator.sol	5f5ca3224315cb791703e8c77dbb75b97735ca19
FILE	zkp2p-v2-contracts	contracts/interfaces/IOrchestratorRegistry.sol	0efb5b087b0fcdc2ec32adf05250f396b9fa13f5
FILE	zkp2p-v2-contracts	contracts/interfaces/IOrchestratorV2.sol	40128fd927010ff5114093c7dc7e9b8657b8f778
FILE	zkp2p-v2-contracts	contracts/interfaces/IOrchestratorV3.sol	ac4e6dbe1bc60023c4c76a99142556dcc39d8115
FILE	zkp2p-v2-contracts	contracts/interfaces/IPaymentVerifier.sol	9ab19d7dcce0e5129d054809b4b7bbc8346bf032
FILE	zkp2p-v2-contracts	contracts/interfaces/IPaymentVerifierRegistry.sol	a2cb14e20e23852a05c217e7b9da91ef9420c8b6
FILE	zkp2p-v2-contracts	contracts/interfaces/IPostIntentHook.sol	55650bbd67c1bbf8d125ba4e763fdaa6066039e5
FILE	zkp2p-v2-contracts	contracts/interfaces/IPostIntentHookRegistry.sol	fa3df0457e756e9fbdac5e6414e00b93acfc6845
FILE	zkp2p-v2-contracts	contracts/interfaces/IPostIntentHookV2.sol	e70a5929a3e6a3f3bc0a2c10a1517cad82c52c0b
FILE	zkp2p-v2-contracts	contracts/interfaces/IPreIntentHook.sol	f55cdebb96686b4dcf88ef20b75286ef0fb1749a
FILE	zkp2p-v2-contracts	contracts/interfaces/IProtocolViewer.sol	d75d5b96f08f20428cd7940123026d4165d3f981
FILE	zkp2p-v2-contracts	contracts/interfaces/IProtocolViewerV2.sol	e01024bb718772d34f525bccca0019e4d073145c
FILE	zkp2p-v2-contracts	contracts/interfaces/IPyth.sol	e4dc23cc492bb05d60a16fd1344f09c5f3fe8424
FILE	zkp2p-v2-contracts	contracts/interfaces/IRateManager.sol	60f98fa11242dc6dc6d11eddb4ab588bf11f9c23
FILE	zkp2p-v2-contracts	contracts/interfaces/IReferralFee.sol	3b790aa7d9b41cea4117f952d60a99709a44e694
FILE	zkp2p-v2-contracts	contracts/interfaces/IRelayerRegistry.sol	35d18b81917c98470244220616d55c236ebef9b6
FILE	zkp2p-v2-contracts	contracts/interfaces/IRiskManager.sol	ed3b08239ce6dabc0a3dec041d6d55c2e2c6ccf9
FILE	zkp2p-v2-contracts	contracts/interfaces/IStakeVault.sol	d8635f68148bae1abb455de2e0330a1610a3ffb5
FILE	zkp2p-v2-contracts	contracts/interfaces/IWhitelistResolver.sol	40011cb3ba403f0ec54037427ef311f51f4ab8dc
FILE	zkp2p-v2-contracts	contracts/lib/BoundedCall.sol	1b3ba08f38049ddc3117ed6e3dc2c3d15abbb105
FILE	zkp2p-v2-contracts	contracts/lib/FeeSettlementLib.sol	9dec5d35590d6e92638ed0f77de31b01fd4755ed
FILE	zkp2p-v2-contracts	contracts/lib/PostIntentHookExecutor.sol	eee19994c69a8ba3e9eaac66a7f09c74901abb64
FILE	zkp2p-v2-contracts	contracts/lib/ReferralFeeLib.sol	6cf605559d6c89ec49897029aaabd9ded5c19d29
FILE	zkp2p-v2-contracts	contracts/lib/RiskSettlementExecutor.sol	64de505e6ea141d2f3965c3d2c9f0bac08c7ea30
FILE	zkp2p-v2-contracts	contracts/lib/ThresholdSigVerifierUtils.sol	18133eb0b5fad04f8c38f075871445fe19967e74
FILE	zkp2p-v2-contracts	contracts/mocks/AddressGroupRegistryGasHarness.sol	f6875bf782ca6555242286537ad1c638121ab35b
FILE	zkp2p-v2-contracts	contracts/mocks/AggregatorV3Mock.sol	9df63587cc144d8f87100088661017e4157125f7
FILE	zkp2p-v2-contracts	contracts/mocks/AttestationVerifierMock.sol	59621686936a0909d9bf5d91c93c8213ef5e30a7
FILE	zkp2p-v2-contracts	contracts/mocks/ERC20Mock.sol	f781222e765a07444aade476e8c88f8b70cb08d2
FILE	zkp2p-v2-contracts	contracts/mocks/FailingAttestationVerifier.sol	8d6032fec861554128f7394fe73c82a5d10d2624
FILE	zkp2p-v2-contracts	contracts/mocks/IntentRiskHookMock.sol	7df821f7736d0c325082181eef75d1dcadc815ab
FILE	zkp2p-v2-contracts	contracts/mocks/NullifyingPaymentVerifierMock.sol	750da6a86f3b3b2dbb042e17faf2a68f1635d328
FILE	zkp2p-v2-contracts	contracts/mocks/OrchestratorMock.sol	ece537a0996f45dc533b6bd7f1b682978d2a0a24
FILE	zkp2p-v2-contracts	contracts/mocks/OrchestratorV3HarnessMocks.sol	95d658991b03467a3d17882fcfc141e7a59d5124
FILE	zkp2p-v2-contracts	contracts/mocks/PartialPullPostIntentHookMock.sol	eeeb994c1dd187c39efa68cdbde67181d1cb1482
FILE	zkp2p-v2-contracts	contracts/mocks/PartialPullPostIntentHookV2Mock.sol	653cb76c347471613970b7f9f8f50cffe3d07ea6
FILE	zkp2p-v2-contracts	contracts/mocks/PaymentVerifierMock.sol	7777ccc2a574ad684486491bac8545d1a6b9f5e6
FILE	zkp2p-v2-contracts	contracts/mocks/PostIntentHookMock.sol	ea20522b6e3faca2ed36667074560eecd04840fc
FILE	zkp2p-v2-contracts	contracts/mocks/PostIntentHookV2Mock.sol	cd99c0b9271bec246a6ff09521afa47716c5e1cc
FILE	zkp2p-v2-contracts	contracts/mocks/PreIntentHookMock.sol	d3f24f9a105caa57162c7acd1a2325850a69c210
FILE	zkp2p-v2-contracts	contracts/mocks/PushPostIntentHookMock.sol	194f8c1062c7894a209cf47770a88677721b6fb5
FILE	zkp2p-v2-contracts	contracts/mocks/PushPostIntentHookV2Mock.sol	3f14444631ba84dfe6be45154ad10f84cab461de
FILE	zkp2p-v2-contracts	contracts/mocks/PythMock.sol	6dad678ae4b8c3b2b5686a8e7784eb94f5ccb5ca
FILE	zkp2p-v2-contracts	contracts/mocks/RateManagerMock.sol	3343b21da12debb934630660b687a8bdb3a39d37
FILE	zkp2p-v2-contracts	contracts/mocks/ReentrantHookSetterMock.sol	2ea008ce82a7ab267ae14916467b3201dee11662
FILE	zkp2p-v2-contracts	contracts/mocks/ReentrantOrchestratorMock.sol	b098865c319a09b80c05b3df62d8de3ee4ce97b3
FILE	zkp2p-v2-contracts	contracts/mocks/ReentrantPostIntentHook.sol	94295ca87b68a07ba1572b62ed4110918fe3460f
FILE	zkp2p-v2-contracts	contracts/mocks/ReentrantPostIntentHookV2.sol	61fb880d46302930744b2fa87ecb29b506c38a31
FILE	zkp2p-v2-contracts	contracts/mocks/ReentrantPreIntentHookMock.sol	e66a848ae6db3089cb2d086575b4b60bd2898cea
FILE	zkp2p-v2-contracts	contracts/mocks/ReentrantRateManagerMock.sol	d9929d95db372aaf497cbbb40c72f8101d59f0af
FILE	zkp2p-v2-contracts	contracts/mocks/ReentrantReleaseEscrowMock.sol	303c15e15db966dee5a70804509f48d8a0757fb5
FILE	zkp2p-v2-contracts	contracts/mocks/ReentrantSignalIntentCallerMock.sol	bb2b6295c7df7548823d27236ea864f68890e4a9
FILE	zkp2p-v2-contracts	contracts/mocks/ReentrantSignalIntentCallerV2Mock.sol	481dd6f10b116b4821c901041266bd5fac2b0aa1
FILE	zkp2p-v2-contracts	contracts/mocks/RejectEtherMock.sol	12332b7004d1c7d4c797cfa43072e13eb8ba2f66
FILE	zkp2p-v2-contracts	contracts/mocks/RevertingOracleAdapterMock.sol	e607b3f480d88f3b34d67a776fd33ce776fc2856
FILE	zkp2p-v2-contracts	contracts/mocks/RevertingPruneOrchestratorMock.sol	0cbf180635b2c822578147cd797f60a66b53b249
FILE	zkp2p-v2-contracts	contracts/mocks/StaticOracleAdapterMock.sol	c08a04f56bc7113c92386a74a4027adc4e5e4cba
FILE	zkp2p-v2-contracts	contracts/mocks/ThresholdSigVerifierUtilsMock.sol	6ccd2af8c432520ebd917d3a2703d2721a5e97eb
FILE	zkp2p-v2-contracts	contracts/mocks/USDCMock.sol	773d5d2e5441d3ca59cfde4b8223e505fbd738d0
FILE	zkp2p-v2-contracts	contracts/mocks/UnifiedPaymentVerifierV3Harness.sol	0b0d4c6917fa06e9864dbe0ae3d1fc7c86bb6656
FILE	zkp2p-v2-contracts	contracts/mocks/WhitelistResolverMock.sol	14a952c569d95f4e9d3433e09558dcd98fba419f
FILE	zkp2p-v2-contracts	contracts/oracles/ChainlinkOracleAdapter.sol	f94a55cbf7af9d8e72de30a6aca63a4dec3c1670
FILE	zkp2p-v2-contracts	contracts/oracles/PythOracleAdapter.sol	1a0142af1d82263516a140ffcbbd82b3982bf232
FILE	zkp2p-v2-contracts	contracts/registries/AddressGroupRegistry.sol	38decdc3dbb2219b396d9976392961f0fea86afa
FILE	zkp2p-v2-contracts	contracts/registries/EscrowRegistry.sol	37e3758f3a1049add67ad9736c8182699070302e
FILE	zkp2p-v2-contracts	contracts/registries/NullifierRegistry.sol	2382aaccd70fdb13a1843e920443a2ee1fe9b44c
FILE	zkp2p-v2-contracts	contracts/registries/NullifierRegistryV2.sol	e1e8679561faa7a1bc96656856150151e4458d71
FILE	zkp2p-v2-contracts	contracts/registries/OrchestratorRegistry.sol	41e4da7d9ddb0a31c29d342c18e12940c69f9e3f
FILE	zkp2p-v2-contracts	contracts/registries/PaymentVerifierRegistry.sol	904f6eff5425f8fd8ae32f062b55542348fd0ef0
FILE	zkp2p-v2-contracts	contracts/registries/PostIntentHookRegistry.sol	29a99108dac10ed8fe24b4aad9bd20438444d59f
FILE	zkp2p-v2-contracts	contracts/registries/RelayerRegistry.sol	89d1fc35ed039e7e83d064b8af6dd55baccf5492
FILE	zkp2p-v2-contracts	contracts/risk/ChargebackManager.sol	d9b6b228855782481119dc70864751c492751110
FILE	zkp2p-v2-contracts	contracts/risk/IntentExtensionManager.sol	0ccae169879b2b9f629bc22b84a580d114ad0ac5
FILE	zkp2p-v2-contracts	contracts/unifiedVerifier/BaseUnifiedPaymentVerifier.sol	1a2ee74c16244f396619e92764300fd8e0c39797
FILE	zkp2p-v2-contracts	contracts/unifiedVerifier/BaseUnifiedPaymentVerifierV3.sol	11e65bb1684f79d8050a0ba361d64d48d083b8e0
FILE	zkp2p-v2-contracts	contracts/unifiedVerifier/MultiAttestationVerifier.sol	3b4038c060cabfe7563539580ea0c56ff3be259e
FILE	zkp2p-v2-contracts	contracts/unifiedVerifier/SimpleAttestationVerifier.sol	44ff3f5a5e4dc963938b7e3d00478f1114c10035
FILE	zkp2p-v2-contracts	contracts/unifiedVerifier/UnifiedPaymentVerifier.sol	187b3b09bec4a709833843439ed0aeefd54aa8c8
FILE	zkp2p-v2-contracts	contracts/unifiedVerifier/UnifiedPaymentVerifierV3.sol	3e522a86eee43b4f36636b15d043ccf15c0aab74
FILE	zkp2p-v2-contracts	deployments/base/ChainlinkOracleAdapter.json	4be22bdd3fdfa675811eb630101a4a7dbb89f294
FILE	zkp2p-v2-contracts	deployments/base/Escrow.json	70686fb499eee8de9a085dd54773dff9f19be228
FILE	zkp2p-v2-contracts	deployments/base/EscrowRegistry.json	a05c3607233074c41de8c4541b3b8b98cab871a1
FILE	zkp2p-v2-contracts	deployments/base/EscrowV2.json	6c357d99fbb14df070bc1afe36ba19254f94087a
FILE	zkp2p-v2-contracts	deployments/base/MultiAttestationVerifier.json	4efed0abb8d69d7f7e5b7eb9ce3b846137e240e3
FILE	zkp2p-v2-contracts	deployments/base/NullifierRegistry.json	6aeae2a991963a4a9b4b2b393c4a30eb099ac601
FILE	zkp2p-v2-contracts	deployments/base/Orchestrator.json	9ae00246d7ebc7edcdb70fa81e59aac07e820bb5
FILE	zkp2p-v2-contracts	deployments/base/OrchestratorRegistry.json	0cc25adffc52c95b2c811f6286f5c8fcf29b8635
FILE	zkp2p-v2-contracts	deployments/base/OrchestratorV2.json	2b2a158197c65c766f9f299309cd0c7c8d958137
FILE	zkp2p-v2-contracts	deployments/base/PaymentVerifierRegistry.json	03c8ef848b9e4eff3f3dc5ae3fed683ed708eb48
FILE	zkp2p-v2-contracts	deployments/base/PostIntentHookRegistry.json	7c2955795f4046e7f6269823d09c5f82093b2909
FILE	zkp2p-v2-contracts	deployments/base/ProtocolViewer.json	019e8c2521d3f83881645b282a2235a7938c9a23
FILE	zkp2p-v2-contracts	deployments/base/ProtocolViewerV2.json	38062941a38cfd7936334380f4aa0e853e4f8f95
FILE	zkp2p-v2-contracts	deployments/base/PythOracleAdapter.json	356bddb115c4a62478ceb031f2709113051a1faa
FILE	zkp2p-v2-contracts	deployments/base/RateManagerV1.json	f185959c57c6fa671f3c90d233bfc12fbf3822f5
FILE	zkp2p-v2-contracts	deployments/base/RelayerRegistry.json	7d25c4a220f7456e3df947b28d8f8c82da1611aa
FILE	zkp2p-v2-contracts	deployments/base/SignatureGatingPreIntentHook.json	af6e606525d3efca6fe806ed1106cdc2cdafdde6
FILE	zkp2p-v2-contracts	deployments/base/SimpleAttestationVerifier.json	b0877d159e6803053e6802111bcca7e28c1b8075
FILE	zkp2p-v2-contracts	deployments/base/UnifiedPaymentVerifier.json	4679c16bff86df1744c88dff832f0641c8ab3b03
FILE	zkp2p-v2-contracts	deployments/base/UnifiedPaymentVerifierV2.json	7a02b1b10acff18ccbd8c5d5ef7b4f76c76b8778
FILE	zkp2p-v2-contracts	deployments/base/WhitelistPreIntentHook.json	1a2aae91a1afb9c7221c1681035fac3bfa5498de
FILE	zkp2p-v2-contracts	deployments/base/solcInputs/1b0acf40c949b1fba220fcd148ed12c0.json	002ae0207beeb8c105ecf81f79faff4219a927e1
FILE	zkp2p-v2-contracts	deployments/base/solcInputs/29b38fa2f0853a716ac0a544a2824744.json	6323ebf66e90397739fca6b16a46e8137db73803
FILE	zkp2p-v2-contracts	deployments/base/solcInputs/4a6689b8988ded9e23b8cf7c75a862e4.json	a544bd3e144a37368687b3245a60a44763d87d81
FILE	zkp2p-v2-contracts	deployments/base/solcInputs/892cc67c51abc9bd1e33c196fe135493.json	83a1cbf2c4b29db742ce6318d093de188b6c6669
FILE	zkp2p-v2-contracts	deployments/base/solcInputs/c65479e171ec1593895576ab536bd1a1.json	1835f1d403376e03776f8843587ff468056aac98
FILE	zkp2p-v2-contracts	deployments/base/solcInputs/daf2cb275c515892ce77c89665f6b5a3.json	563d77e0a319a3881172a5da085edc2c6242e380
FILE	zkp2p-v2-contracts	deployments/base_staging/AddressGroupRegistry.json	82bfac96786214edeab97828b5a94592dd5b0b77
FILE	zkp2p-v2-contracts	deployments/base_staging/BoundedCall.json	29ae3adb424cc0c6b6490b3f031732b72832655e
FILE	zkp2p-v2-contracts	deployments/base_staging/ChainlinkOracleAdapter.json	5b8466e95ca34424c203a132ba160d070d2fbb15
FILE	zkp2p-v2-contracts	deployments/base_staging/DeferredPayoutHook.json	e78ce667f86e9db92f41ab66275e674e5752c80f
FILE	zkp2p-v2-contracts	deployments/base_staging/Escrow.json	80297737c76da06783236269efe9a9bbd0081fe1
FILE	zkp2p-v2-contracts	deployments/base_staging/EscrowRegistry.json	2f2bc4bd398030540bfd046de3088c8d6786942f
FILE	zkp2p-v2-contracts	deployments/base_staging/EscrowV2.json	53d057a3b8e435b09b185286b326374dbf8581e2
FILE	zkp2p-v2-contracts	deployments/base_staging/FeeSettlementLib.json	8690c2fed7d2996ac930e4bff37edca5a7e210d4
FILE	zkp2p-v2-contracts	deployments/base_staging/MultiAttestationVerifier.json	8bff78dea6427850d63371aaf93d37ee34b73d9b
FILE	zkp2p-v2-contracts	deployments/base_staging/NullifierRegistry.json	5ad343fd56843706ccfe56cf78a51e0427a70020
FILE	zkp2p-v2-contracts	deployments/base_staging/NullifierRegistryV2.json	ca105a86c3aa6900ac1487408cbaacca921b976f
FILE	zkp2p-v2-contracts	deployments/base_staging/Orchestrator.json	75bda36b24b098c4c56e5af4d00a6321e9f4879b
FILE	zkp2p-v2-contracts	deployments/base_staging/OrchestratorRegistry.json	b763e0ef8bb2daaebafa5fe6d6cd7f29fe307f76
FILE	zkp2p-v2-contracts	deployments/base_staging/OrchestratorV2.json	a119e6078c2f414fd16035d67703ec9e2c5f3fa6
FILE	zkp2p-v2-contracts	deployments/base_staging/OrchestratorV3.json	f30e1918ea48bd53a462229de397ed96f8bdc881
FILE	zkp2p-v2-contracts	deployments/base_staging/PaymentVerifierRegistry.json	62fb0785ac896d057048b8efd569375b68621228
FILE	zkp2p-v2-contracts	deployments/base_staging/PostIntentHookExecutor.json	96a312af04e3827f5e236057f31a24e5a32555eb
FILE	zkp2p-v2-contracts	deployments/base_staging/PostIntentHookRegistry.json	a3e964d9538375b274d6c17c68070f0fa91efc9f
FILE	zkp2p-v2-contracts	deployments/base_staging/ProtocolViewer.json	f2a8bb69ab8c444da61b63af86643f7f2084c4e5
FILE	zkp2p-v2-contracts	deployments/base_staging/ProtocolViewerV2.json	65be431af7e454e5da0a49d4d6b575454a66e230
FILE	zkp2p-v2-contracts	deployments/base_staging/PythOracleAdapter.json	e1758e438a18f483f8e18b29749c773d633d1b35
FILE	zkp2p-v2-contracts	deployments/base_staging/RateManagerV1.json	1b74309bdc70d1d120d2fe1d51e66d60cda2e5a3
FILE	zkp2p-v2-contracts	deployments/base_staging/RelayerRegistry.json	65a14cbb5b05e3be0c74f16061f275785a72f777
FILE	zkp2p-v2-contracts	deployments/base_staging/RiskAttestationVerifier.json	e4a23634e69a6bb021fa9837f6ba19ce99cefd74
FILE	zkp2p-v2-contracts	deployments/base_staging/RiskManager.json	faae0470f2491a88c512bd2835dcedd52f142e28
FILE	zkp2p-v2-contracts	deployments/base_staging/RiskSettlementExecutor.json	608324fa9b7ec44bca63f8e71501a863811fa173
FILE	zkp2p-v2-contracts	deployments/base_staging/SignatureGatingPreIntentHook.json	3fbdc0504b8c4894b88709410337d7e5c84a622c
FILE	zkp2p-v2-contracts	deployments/base_staging/SimpleAttestationVerifier.json	d8d8f748d955a7402ed6fedb2a5b343152916953
FILE	zkp2p-v2-contracts	deployments/base_staging/StakeVault.json	3ee6c3dbd0c7d2f9b35bfc125e1f33481c7c50b5
FILE	zkp2p-v2-contracts	deployments/base_staging/StakeVaultRiskSettlement.json	01e5186a54d1852fd716bb603ac925be7bea0ef3
FILE	zkp2p-v2-contracts	deployments/base_staging/UnifiedPaymentVerifier.json	49d17f86461b25c103de62d334f8312ab2923320
FILE	zkp2p-v2-contracts	deployments/base_staging/UnifiedPaymentVerifierV2.json	e0ca90ca7a1f78b940c9cda09c3aeccaef2f1512
FILE	zkp2p-v2-contracts	deployments/base_staging/UnifiedPaymentVerifierV3.json	196b61d852e2354090379321545bc76d96907008
FILE	zkp2p-v2-contracts	deployments/base_staging/WhitelistPreIntentHook.json	af77bedf32740eabe8a99a53922cb233a4996d03
FILE	zkp2p-v2-contracts	deployments/base_staging/WhitelistPreIntentHookV2.json	f562c862fd9eedc854e788dbb218e441ce4b2f50
FILE	zkp2p-v2-contracts	deployments/base_staging/solcInputs/2b88658278be1b8926e97fe40ed8a15a.json	f6bee2e7659a6ff35388aba18a99182bbb75efec
FILE	zkp2p-v2-contracts	deployments/base_staging/solcInputs/b91f08304c24bfc889043a05b114d1e6.json	14c7f9f4217516789793db4ba46eaf93b293de3a
FILE	zkp2p-v2-contracts	deployments/base_staging/solcInputs/c402cb166077cde92da4a8304faac866.json	e2843e5c93f14f699c467091f94cc7f082ca504c
FILE	zkp2p-v2-contracts	deployments/base_staging/solcInputs/e09254eb8d91b1419683ee018cba1bd4.json	418e48ff9beff411f20a05eda77411bcbfeed9ea
FILE	zkp2p-v2-contracts	deployments/outputs/platforms/base.json	d802c604f431b5d17917aa847a917b8e22570835
FILE	zkp2p-v2-contracts	deployments/outputs/platforms/base_staging.json	36ecd619ce78d02af5171b46bbaf653d56db4a93
FILE	zkp2p-v2-contracts	deployments/outputs/platforms/localhost.json	0167d90731a55641a15a41f691eb51bbaa7f47ab
FILE	zkp2p-v2-contracts	deployments/outputs/platforms/snapshots/base/alipay_2025-12-15T01-56-40.json	f98abb37c2185d7dd5062b825443381b28e67477
FILE	zkp2p-v2-contracts	deployments/outputs/platforms/snapshots/base/alipay_2026-01-06T10-44-30.json	4023ba7e3017e0fc8b96ca99411c3a7926ab3b84
FILE	zkp2p-v2-contracts	deployments/outputs/platforms/snapshots/base/alipay_2026-02-20T18-11-24.json	92a4715df8195453280de61aeb10be19671762eb
FILE	zkp2p-v2-contracts	deployments/outputs/platforms/snapshots/base/alipay_2026-03-03T14-10-39.json	95618906aca57863256baedeca42f19f3eff1ea2
FILE	zkp2p-v2-contracts	deployments/outputs/platforms/snapshots/base/alipay_2026-03-16T12-47-31.json	420b491b0abe18ce9baad3dd91e6c47f2faa80d1
FILE	zkp2p-v2-contracts	deployments/outputs/platforms/snapshots/base/cashapp_2025-10-25T06-01-19.json	c63099211a4a9910aa523b5968aa98131195267c
FILE	zkp2p-v2-contracts	deployments/outputs/platforms/snapshots/base/cashapp_2025-12-13T19-16-13.json	cf23ae75212fb63fd8d978ccf8dc78571e140757
FILE	zkp2p-v2-contracts	deployments/outputs/platforms/snapshots/base/cashapp_2025-12-15T01-55-42.json	4a7be32434cb6cfb2dae31f9adca7bce7f196907
FILE	zkp2p-v2-contracts	deployments/outputs/platforms/snapshots/base/cashapp_2026-01-06T10-43-07.json	04f1ce588b5011c24c4f84433e7d096076b896d1
FILE	zkp2p-v2-contracts	deployments/outputs/platforms/snapshots/base/cashapp_2026-02-20T18-10-19.json	2cd4bcf325bd83515b1a9e43fb0aff5eaa12d665
FILE	zkp2p-v2-contracts	deployments/outputs/platforms/snapshots/base/cashapp_2026-03-03T14-08-27.json	fa52abde72549ce951e32435ac0c96ffad0616df
FILE	zkp2p-v2-contracts	deployments/outputs/platforms/snapshots/base/cashapp_2026-03-16T12-45-35.json	14395bff3de1f2dccfc4b055008053f8c3992c86
FILE	zkp2p-v2-contracts	deployments/outputs/platforms/snapshots/base/chime_2026-01-06T10-44-41.json	3771c0ca2d4d9944bd3cb271c5d1c28684386096
FILE	zkp2p-v2-contracts	deployments/outputs/platforms/snapshots/base/chime_2026-02-20T18-11-32.json	a5500374e45a038b5dc99da9c6f035c3fcb97443
FILE	zkp2p-v2-contracts	deployments/outputs/platforms/snapshots/base/chime_2026-03-03T14-10-54.json	d5c05d347bad131cfd212c9397c8078fd3d3388d
FILE	zkp2p-v2-contracts	deployments/outputs/platforms/snapshots/base/chime_2026-03-16T12-47-45.json	13fedb37607ab6faa1f1b7f94e0b114ced364613
FILE	zkp2p-v2-contracts	deployments/outputs/platforms/snapshots/base/luxon_2026-02-20T18-11-41.json	c35e3fbfbdc5e7a9eb7e29384c27c91305c46e0d
FILE	zkp2p-v2-contracts	deployments/outputs/platforms/snapshots/base/luxon_2026-03-03T14-11-10.json	a431a8b109618ff1fbf7e06a05a77972f5b38393
FILE	zkp2p-v2-contracts	deployments/outputs/platforms/snapshots/base/luxon_2026-03-16T12-48-02.json	a588e77bc7cb7d7ea455a7d5bf4fb4ec125a78ec
FILE	zkp2p-v2-contracts	deployments/outputs/platforms/snapshots/base/mercadopago_2025-10-25T06-03-57.json	6cb6da7960836272c994b5e4e664f2874805838e
FILE	zkp2p-v2-contracts	deployments/outputs/platforms/snapshots/base/mercadopago_2025-12-13T19-16-29.json	0c4b94d64d4bd3323e127bd5ff95df00f28cb478
FILE	zkp2p-v2-contracts	deployments/outputs/platforms/snapshots/base/mercadopago_2025-12-15T01-55-58.json	1af139e734826d50f8335d5307bb8922a067eeed
FILE	zkp2p-v2-contracts	deployments/outputs/platforms/snapshots/base/mercadopago_2026-01-06T10-43-33.json	497f445c6c8522193606a6c2826fbf5bef5d141d
FILE	zkp2p-v2-contracts	deployments/outputs/platforms/snapshots/base/mercadopago_2026-02-20T18-10-37.json	c1f3cde8254f29dbbc7044f4494f8ad84054bd6b
FILE	zkp2p-v2-contracts	deployments/outputs/platforms/snapshots/base/mercadopago_2026-03-03T14-08-52.json	8e9ea9440ae650e29a779101e4704a9f05aa0d36
FILE	zkp2p-v2-contracts	deployments/outputs/platforms/snapshots/base/mercadopago_2026-03-16T12-46-01.json	2a711f36bebb54deacc83b6e01c0f741cb85c900
FILE	zkp2p-v2-contracts	deployments/outputs/platforms/snapshots/base/monzo_2025-10-25T06-09-57.json	2e24bc4fead829d24569c71059cb657818d95bda
FILE	zkp2p-v2-contracts	deployments/outputs/platforms/snapshots/base/monzo_2025-12-13T19-16-54.json	75c49a37cd859cea857ca1ed05cefcdc5b7227ee
FILE	zkp2p-v2-contracts	deployments/outputs/platforms/snapshots/base/monzo_2025-12-15T01-56-24.json	cf693746fd3b5a0228b99b7e32870cef944bd65f
FILE	zkp2p-v2-contracts	deployments/outputs/platforms/snapshots/base/monzo_2026-01-06T10-44-07.json	a388fcff7c95608ef7103fc72b5cc1b1e20fb2b1
FILE	zkp2p-v2-contracts	deployments/outputs/platforms/snapshots/base/monzo_2026-02-20T18-11-05.json	e8aa1024e4daa42c6b775ca461577e8db1e4bf4b
FILE	zkp2p-v2-contracts	deployments/outputs/platforms/snapshots/base/monzo_2026-03-03T14-10-09.json	561059cbe73dbfeb841a546aabfebbec981bdc06
FILE	zkp2p-v2-contracts	deployments/outputs/platforms/snapshots/base/monzo_2026-03-16T12-47-05.json	bb47711ed900293d87dc31f9bd6c1b965cbf88c0
FILE	zkp2p-v2-contracts	deployments/outputs/platforms/snapshots/base/n26_2025-12-13T19-17-03.json	e61f711bd7f4a11deecec559974e1698ded165e8
FILE	zkp2p-v2-contracts	deployments/outputs/platforms/snapshots/base/n26_2025-12-15T01-56-32.json	9d14a8f01bdc1669a3620d8b4d97b20ebb4770ae
FILE	zkp2p-v2-contracts	deployments/outputs/platforms/snapshots/base/n26_2026-01-06T10-44-18.json	a563874af27fcc1577289b3f3bfaf4dbcd904496
FILE	zkp2p-v2-contracts	deployments/outputs/platforms/snapshots/base/n26_2026-02-20T18-11-15.json	9975e77ec765b58e081d7be5daf296afb59c2aac
FILE	zkp2p-v2-contracts	deployments/outputs/platforms/snapshots/base/n26_2026-03-03T14-10-24.json	c5133c42cfcbfe23f68116ad3e05cd0759cf9e9f
FILE	zkp2p-v2-contracts	deployments/outputs/platforms/snapshots/base/n26_2026-03-16T12-47-17.json	8202186bae9f3571e3c4c94025053ac2dcf6d351
FILE	zkp2p-v2-contracts	deployments/outputs/platforms/snapshots/base/paypal_2025-10-25T06-08-55.json	c44ce8f100ff23c0b1ab732f27fa79853104d3a4
FILE	zkp2p-v2-contracts	deployments/outputs/platforms/snapshots/base/paypal_2025-12-13T19-16-46.json	7202fd8a2555506b9a0113e6e78a34eb1a25f28c
FILE	zkp2p-v2-contracts	deployments/outputs/platforms/snapshots/base/paypal_2025-12-15T01-56-15.json	73b8ee6ac0e7c6c03538706a5cf0e96b9261ebca
FILE	zkp2p-v2-contracts	deployments/outputs/platforms/snapshots/base/paypal_2026-01-06T10-43-56.json	13804946d70bf700eaf3b028615ed79177bdf583
FILE	zkp2p-v2-contracts	deployments/outputs/platforms/snapshots/base/paypal_2026-02-20T18-10-56.json	70b27095305a0fec9b81a49925a7efb1126537a4
FILE	zkp2p-v2-contracts	deployments/outputs/platforms/snapshots/base/paypal_2026-03-03T14-09-53.json	0b64245d8f2fd308a5ec63b168b44849efe7ad05
FILE	zkp2p-v2-contracts	deployments/outputs/platforms/snapshots/base/paypal_2026-03-16T12-46-53.json	805a5809fc8b594adfa3ea75bdf75208204071d9
FILE	zkp2p-v2-contracts	deployments/outputs/platforms/snapshots/base/revolut_2025-10-25T06-00-25.json	423c2fbea819b2cfa6ff45c34005b0b08d83708f
FILE	zkp2p-v2-contracts	deployments/outputs/platforms/snapshots/base/revolut_2025-12-13T19-16-04.json	898ee2bf163db65b619c1c6857df720cb2efb649
FILE	zkp2p-v2-contracts	deployments/outputs/platforms/snapshots/base/revolut_2025-12-15T01-55-33.json	d93814efa8427e42a42ed293977fb9fc141682c5
FILE	zkp2p-v2-contracts	deployments/outputs/platforms/snapshots/base/revolut_2026-01-06T10-42-55.json	e35c5cba2cdfeccc9375ed083ade5cd8d06bbbf8
FILE	zkp2p-v2-contracts	deployments/outputs/platforms/snapshots/base/revolut_2026-02-20T18-10-10.json	c2d506c63a46ea3e866659d83936097108593336
FILE	zkp2p-v2-contracts	deployments/outputs/platforms/snapshots/base/revolut_2026-03-03T14-08-14.json	4caa1f6f99aaeff23ddb276e3cd7c8683b2321c0
FILE	zkp2p-v2-contracts	deployments/outputs/platforms/snapshots/base/revolut_2026-03-16T12-45-23.json	c3db7bc969f586f2647530713e597312506c2852
FILE	zkp2p-v2-contracts	deployments/outputs/platforms/snapshots/base/venmo_2025-10-25T05-59-30.json	4534e7d3bab5fe984b790a3bc6ac83925fb79ea9
FILE	zkp2p-v2-contracts	deployments/outputs/platforms/snapshots/base/venmo_2025-12-13T19-15-56.json	1b3c99c847cd592ff2aa762399c765121f983f3e
FILE	zkp2p-v2-contracts	deployments/outputs/platforms/snapshots/base/venmo_2025-12-15T01-55-25.json	06405fb2674353ded046dc4f351f633a1cc649dd
FILE	zkp2p-v2-contracts	deployments/outputs/platforms/snapshots/base/venmo_2026-01-06T10-42-44.json	ae938865dedfb7c02df3518cef1fa399bb592f52
FILE	zkp2p-v2-contracts	deployments/outputs/platforms/snapshots/base/venmo_2026-02-20T18-10-00.json	b7883e2a5ff7b000d2cbd5f2221ccef14d0e2eb7
FILE	zkp2p-v2-contracts	deployments/outputs/platforms/snapshots/base/venmo_2026-03-03T14-08-01.json	e33c04b4be269bb05e33b8d8c796b9177cf3b43a
FILE	zkp2p-v2-contracts	deployments/outputs/platforms/snapshots/base/venmo_2026-03-16T12-45-09.json	e545ed3e49f923d81595c8b27d52a97ee0ea3bdb
FILE	zkp2p-v2-contracts	deployments/outputs/platforms/snapshots/base/wise_2025-10-25T06-02-44.json	002a783905ca382e7f803c5fea4744dff48ffdd2
FILE	zkp2p-v2-contracts	deployments/outputs/platforms/snapshots/base/wise_2025-12-13T19-16-21.json	8ca4f793cca52ee5a2c0998f71fe8f17650943d4
FILE	zkp2p-v2-contracts	deployments/outputs/platforms/snapshots/base/wise_2025-12-15T01-55-50.json	17823fc5585cd45e71ddf936d2b5704616d0f7d9
FILE	zkp2p-v2-contracts	deployments/outputs/platforms/snapshots/base/wise_2026-01-06T10-43-19.json	b847a3982a7d3fc768f6f93b6674314350bde670
FILE	zkp2p-v2-contracts	deployments/outputs/platforms/snapshots/base/wise_2026-02-20T18-10-28.json	a804dec067e5cb99ee073e727edba6b529efb78e
FILE	zkp2p-v2-contracts	deployments/outputs/platforms/snapshots/base/wise_2026-03-03T14-08-39.json	cd825deacf6b39de6075f40fcdc07aab0dab3eda
FILE	zkp2p-v2-contracts	deployments/outputs/platforms/snapshots/base/wise_2026-03-16T12-45-47.json	70e5a3ac6a928e8872a442e984cd3cedb32310be
FILE	zkp2p-v2-contracts	deployments/outputs/platforms/snapshots/base/zelle-bofa_2025-10-25T06-07-37.json	976c19fc02478d114d3ca5aff02efff2c03e236c
FILE	zkp2p-v2-contracts	deployments/outputs/platforms/snapshots/base/zelle-bofa_2025-12-13T19-16-38.json	9dfbdf5ba57846d9b96585843330b80573a4a07c
FILE	zkp2p-v2-contracts	deployments/outputs/platforms/snapshots/base/zelle-bofa_2025-12-15T01-56-07.json	65e6b7d0193bd5184009fe1d2b822ef17b623991
FILE	zkp2p-v2-contracts	deployments/outputs/platforms/snapshots/base/zelle-bofa_2026-01-06T10-43-46.json	720302e5da47ff1ff0bcbb4598f1b5c4e3fbeda4
FILE	zkp2p-v2-contracts	deployments/outputs/platforms/snapshots/base/zelle-bofa_2026-02-20T18-10-47.json	3a161604e204c6a4125cd8dab19be09c573f8ba2
FILE	zkp2p-v2-contracts	deployments/outputs/platforms/snapshots/base/zelle-bofa_2026-03-03T14-09-38.json	2a5e9c704151e9b97a8dbdf20be81f6109faf6c0
FILE	zkp2p-v2-contracts	deployments/outputs/platforms/snapshots/base/zelle-bofa_2026-03-16T12-46-39.json	1ee3f324ee97087e68787ea2044af5191ff620b1
FILE	zkp2p-v2-contracts	deployments/outputs/platforms/snapshots/base/zelle-chase_2025-10-25T06-06-08.json	d372d74439e821933da09ba8339e7c960dde6e87
FILE	zkp2p-v2-contracts	deployments/outputs/platforms/snapshots/base/zelle-chase_2025-12-13T19-16-38.json	45d6a8b8331697ef8d119dd5801fcd3298a7c013
FILE	zkp2p-v2-contracts	deployments/outputs/platforms/snapshots/base/zelle-chase_2025-12-15T01-56-07.json	105ac108abd160826f27823fcd0275b755e84880
FILE	zkp2p-v2-contracts	deployments/outputs/platforms/snapshots/base/zelle-chase_2026-01-06T10-43-45.json	a233dd811c270d8ff835301a40d41bda4c3440e2
FILE	zkp2p-v2-contracts	deployments/outputs/platforms/snapshots/base/zelle-chase_2026-02-20T18-10-47.json	695291f572b6b7d668814900827de2604a09521c
FILE	zkp2p-v2-contracts	deployments/outputs/platforms/snapshots/base/zelle-chase_2026-03-03T14-09-22.json	3183f35c0c6f693d7839b5274f504dc1b9ce0e06
FILE	zkp2p-v2-contracts	deployments/outputs/platforms/snapshots/base/zelle-chase_2026-03-16T12-46-25.json	84f351db9647c4cdd37a194f8425bb56133ca4fe
FILE	zkp2p-v2-contracts	deployments/outputs/platforms/snapshots/base/zelle-citi_2025-10-25T06-05-10.json	c38d01bc49552087573fdd9e4a89bec16025c6d2
FILE	zkp2p-v2-contracts	deployments/outputs/platforms/snapshots/base/zelle-citi_2025-12-13T19-16-38.json	2ea23a41587c76ee658a0a4cda146b9b64ce09d7
FILE	zkp2p-v2-contracts	deployments/outputs/platforms/snapshots/base/zelle-citi_2025-12-15T01-56-07.json	9432cad2b1207169b71585f3b334c6983a0ba205
FILE	zkp2p-v2-contracts	deployments/outputs/platforms/snapshots/base/zelle-citi_2026-01-06T10-43-43.json	3381ca7ce0ffd702343c78d50c4a1e2936c5e226
FILE	zkp2p-v2-contracts	deployments/outputs/platforms/snapshots/base/zelle-citi_2026-02-20T18-10-46.json	3486ac0fe435c5a79e51df2926633fdbee95f7c1
FILE	zkp2p-v2-contracts	deployments/outputs/platforms/snapshots/base/zelle-citi_2026-03-03T14-09-07.json	487fb604a127c864ca3f42c64aab91ca9e929eba
FILE	zkp2p-v2-contracts	deployments/outputs/platforms/snapshots/base/zelle-citi_2026-03-16T12-46-13.json	0c955e977bde7bb04f2d26b69e01342f5185fccb
FILE	zkp2p-v2-contracts	deployments/outputs/platforms/snapshots/base/zelle_2026-06-22T02-11-08.json	33df1ac282f7b02a4ded2a614ad845704be7781a
FILE	zkp2p-v2-contracts	deployments/outputs/platforms/snapshots/base_staging/alipay_2026-02-20T18-07-49.json	7294f6fe51b81805e6fdf3ef324b448a480bbcb0
FILE	zkp2p-v2-contracts	deployments/outputs/platforms/snapshots/base_staging/alipay_2026-03-16T12-22-30.json	a8ce8898761443f3a7ab3941e91a3c7b5c38875c
FILE	zkp2p-v2-contracts	deployments/outputs/platforms/snapshots/base_staging/cashapp_2026-02-20T18-06-33.json	1ddb788878f891182347ccebdee0e89e37b6676b
FILE	zkp2p-v2-contracts	deployments/outputs/platforms/snapshots/base_staging/cashapp_2026-03-16T12-14-10.json	6ee3abc7d8b82cf6d697d707f2b050fa4ba7daf1
FILE	zkp2p-v2-contracts	deployments/outputs/platforms/snapshots/base_staging/chime_2026-02-20T18-07-56.json	2f89eff1b40bf1fdf45cfca6847215793309622b
FILE	zkp2p-v2-contracts	deployments/outputs/platforms/snapshots/base_staging/chime_2026-03-16T12-23-24.json	388f43b4e81a77edfb02109e318b16a3a25ea3c7
FILE	zkp2p-v2-contracts	deployments/outputs/platforms/snapshots/base_staging/luxon_2026-02-20T18-08-10.json	a6ef9ef668d91d5ed20b4855e40e142e39caba1e
FILE	zkp2p-v2-contracts	deployments/outputs/platforms/snapshots/base_staging/luxon_2026-03-16T12-24-18.json	933837cad1f6d1158de9edaee8078aa9170ea83a
FILE	zkp2p-v2-contracts	deployments/outputs/platforms/snapshots/base_staging/mercadopago_2026-02-20T18-06-50.json	5a993c39052f534defc1118f0594629a660a14fa
FILE	zkp2p-v2-contracts	deployments/outputs/platforms/snapshots/base_staging/mercadopago_2026-03-16T12-15-56.json	f4fe041f2f5bca3cbedd516227a1fdb988b0c287
FILE	zkp2p-v2-contracts	deployments/outputs/platforms/snapshots/base_staging/monzo_2026-02-20T18-07-30.json	0993314df09774748ec30e76134952f2987f67bd
FILE	zkp2p-v2-contracts	deployments/outputs/platforms/snapshots/base_staging/monzo_2026-03-16T12-20-37.json	98febd1b766a1d2747d879c226d252d28ad2002b
FILE	zkp2p-v2-contracts	deployments/outputs/platforms/snapshots/base_staging/n26_2026-02-20T18-07-36.json	633fd4635e40331a3d15c0f3740f7a587c1e5068
FILE	zkp2p-v2-contracts	deployments/outputs/platforms/snapshots/base_staging/n26_2026-03-16T12-21-31.json	ccf4acb6a605b4a44af3ebb59362fb36560f800d
FILE	zkp2p-v2-contracts	deployments/outputs/platforms/snapshots/base_staging/paypal_2026-02-20T18-07-24.json	56ca5fd7ced0ababb5bc69eae9e1196572496419
FILE	zkp2p-v2-contracts	deployments/outputs/platforms/snapshots/base_staging/paypal_2026-03-16T12-19-38.json	e4cbf8118e51009f7d8844f4345125d99cebdbcf
FILE	zkp2p-v2-contracts	deployments/outputs/platforms/snapshots/base_staging/revolut_2026-02-20T18-06-20.json	5f7eddbc493df2a16ef0190cdbe03ac08f2f6ffe
FILE	zkp2p-v2-contracts	deployments/outputs/platforms/snapshots/base_staging/revolut_2026-03-16T12-13-22.json	781c46b3efb08797cd6e8498c1444fd7021c9944
FILE	zkp2p-v2-contracts	deployments/outputs/platforms/snapshots/base_staging/venmo_2026-02-20T18-06-15.json	1ea789766a1d6056195e60123309f17c54a153c7
FILE	zkp2p-v2-contracts	deployments/outputs/platforms/snapshots/base_staging/venmo_2026-03-16T12-12-29.json	daaf200efc9eecb91085cce0b4e378cc45c2fd98
FILE	zkp2p-v2-contracts	deployments/outputs/platforms/snapshots/base_staging/wise_2026-02-20T18-06-41.json	cef3bf374a2f9d17b263fb64fe12316e7ea647b5
FILE	zkp2p-v2-contracts	deployments/outputs/platforms/snapshots/base_staging/wise_2026-03-16T12-15-08.json	4f351d46d41fca700c0f85bf7c6373c2cf0c472d
FILE	zkp2p-v2-contracts	deployments/outputs/platforms/snapshots/base_staging/zelle-bofa_2026-02-20T18-07-11.json	83dbee3afd2937894a716e5d669494afc028ee14
FILE	zkp2p-v2-contracts	deployments/outputs/platforms/snapshots/base_staging/zelle-bofa_2026-03-16T12-18-44.json	d2f01e6ee02c72766a4eef7aec9ccc570f206fe7
FILE	zkp2p-v2-contracts	deployments/outputs/platforms/snapshots/base_staging/zelle-chase_2026-02-20T18-07-03.json	2a89a8c646bcc0f4426dc2e1a89790bffff51f11
FILE	zkp2p-v2-contracts	deployments/outputs/platforms/snapshots/base_staging/zelle-chase_2026-03-16T12-17-48.json	e2690034021d56c2dd5474469b08831fb0d4ee3c
FILE	zkp2p-v2-contracts	deployments/outputs/platforms/snapshots/base_staging/zelle-citi_2026-02-20T18-06-56.json	f476c77e141d9fa7b7452b31eb82b56697577646
FILE	zkp2p-v2-contracts	deployments/outputs/platforms/snapshots/base_staging/zelle-citi_2026-03-16T12-16-55.json	1d76d4b39c3c8dd612398021ddaf9ddf181fca7a
FILE	zkp2p-v2-contracts	deployments/outputs/platforms/snapshots/base_staging/zelle_2026-06-22T00-41-48.json	c110217b03f86a92d72e7df734fcd594239c06f4
FILE	zkp2p-v2-contracts	deployments/outputs/platforms/snapshots/base_staging/zelle_2026-07-23T14-29-17.json	5c070bf45efc0a53d0d2f43a24e560a2c728a608
FILE	zkp2p-v2-contracts	deployments/outputs/platforms/snapshots/base_staging/zelle_2026-07-23T14-31-42.json	8444ff8f1fac5d88bef7f29a07eb4735c09a04fe
FILE	zkp2p-v2-contracts	deployments/outputs/platforms/snapshots/base_staging/zelle_2026-07-23T14-52-33.json	6a26d1936f7b7f988b5d91241f560d8187eea96b
FILE	zkp2p-v2-contracts	deployments/outputs/safe-batches/base_2026-03-06T10-34-24.json	9bec49fc84f6d0fbd27097290776da4cee519f50
FILE	zkp2p-v2-contracts	deployments/outputs/safe-batches/base_2026-03-06T15-48-12.json	8ab6f6e50838f9b4ed4b56cc04aff3b94c457eb6
FILE	zkp2p-v2-contracts	deployments/outputs/safe-batches/base_2026-03-11T14-17-37.json	cf11e79d22e99aca3d456d747a1d30f069b0b551
FILE	zkp2p-v2-contracts	deployments/outputs/safe-batches/base_2026-03-16T12-48-15.json	c1fdddf20e6dc5bcb3a18b1fb1bfdc17c797229e
FILE	zkp2p-v2-contracts	deployments/outputs/safe-batches/base_2026-04-20T07-31-22.json	730a32b0487c08af4a1d10a20bec51dccb47a551
FILE	zkp2p-v2-contracts	deployments/outputs/safe-batches/base_2026-06-22T02-11-17.json	eea40c50a65db5b3439f1cdec0a3ae4ada663ced
FILE	zkp2p-v2-contracts	deployments/outputs/safe-batches/base_2026-07-15T14-40-18.json	e5c914bae0d3abcec252b1121082902bda900a20
FILE	zkp2p-v2-contracts	deployments/outputs/safe-batches/base_combined.json	3658ca0275fcbe386eedaea04570332944a211b6
FILE	zkp2p-v2-contracts	deployments/outputs/safe-batches/base_orchestratorv2_fix.json	96ad4c835214bfeee910d05a29a7c433fce8d471
FILE	zkp2p-v2-contracts	package.json	05198659b03a4933236d5eab5ffe3a6f6f2578a5
FILE	zkp2p-v2-contracts	packages/contracts/package.json	d146ace90e436ec0c1d42e9e517405d15a9656ea
FILE	zkp2p-v2-contracts	packages/contracts/scripts/extractors/addresses.ts	44a9e4aa55e571e26222288e0e6e5a24cc411314
FILE	zkp2p-v2-contracts	test-foundry/deterministic/deployment/LegacyPaymentMethodDeployment.t.sol	bd4b77ea1beadf6c5a4155595393778ebba91569
FILE	zkp2p-v2-contracts	test-foundry/deterministic/deployment/LegacySystemDeployment.t.sol	48907eb5d5047c7fbd3e045255219392587532e9
FILE	zkp2p-v2-contracts	test-foundry/deterministic/deployment/LegacyZelleRemovalDeployment.t.sol	26555dd597c4b7bdaf6ef81c404e7245b53757b5
FILE	zkp2p-v2-contracts	test-foundry/deterministic/deployment/MultiAttestationVerifierDeployment.t.sol	6d99442603ad87b9f393f8d3a3a6710eef9dd7d6
FILE	zkp2p-v2-contracts	test-foundry/deterministic/deployment/PythOracleDeployment.t.sol	16b67cf97c6113c29a0d653e891fee654d29bb96
FILE	zkp2p-v2-contracts	test-foundry/deterministic/deployment/SafeBatchCollector.t.sol	ae47b02cf3a8f9b3102adab7f6439e7dde52fa7e
FILE	zkp2p-v2-contracts	test-foundry/deterministic/deployment/UnifiedVerifierDeployment.t.sol	df92b97979698b1528171dc098146d7508f2b6b8
FILE	zkp2p-v2-contracts	test-foundry/deterministic/deployment/V2PaymentMethodDeployment.t.sol	d9975de21b4e17e2a6388e41e714398b27ce6f85
FILE	zkp2p-v2-contracts	test-foundry/deterministic/deployment/V2PeripheryDeployment.t.sol	abc7c529a5d887e22f93aa33b0c0d37a54b8d406
FILE	zkp2p-v2-contracts	test-foundry/deterministic/deployment/V2SystemDeployment.t.sol	604459f6c15f58949cbbff0ae635d78fb7afb6c0
FILE	zkp2p-v2-contracts	test-foundry/deterministic/escrow/EscrowAcceptingRetain.t.sol	a3172795373afd06d347339cd8753cc8b163c3f3
FILE	zkp2p-v2-contracts	test-foundry/deterministic/escrow/EscrowCreateDeposit.t.sol	640407692927ed9f40dbf5962fe3c5fb7eff3513
FILE	zkp2p-v2-contracts	test-foundry/deterministic/escrow/EscrowCurrency.t.sol	fe8fa977b1188983770417d80bfe1fcf87d1dc00
FILE	zkp2p-v2-contracts	test-foundry/deterministic/escrow/EscrowDelegate.t.sol	181c8d5e2c38ce9224b631d47b9ccb9d38e5bfea
FILE	zkp2p-v2-contracts	test-foundry/deterministic/escrow/EscrowExpiredIntentsView.t.sol	0d3513f154ef9f2c3ece88e8878a20389ff6c0cb
FILE	zkp2p-v2-contracts	test-foundry/deterministic/escrow/EscrowFunding.t.sol	61bf406f0d0f51baccb8b295f574eb1334128c35
FILE	zkp2p-v2-contracts	test-foundry/deterministic/escrow/EscrowGovernance.t.sol	eda154f0b2bd21966fabbb97baa00ff205300c46
FILE	zkp2p-v2-contracts	test-foundry/deterministic/escrow/EscrowIntentExpiry.t.sol	1e82e55447b34e6f367185c86c835265f62f8ddc
FILE	zkp2p-v2-contracts	test-foundry/deterministic/escrow/EscrowLockFunds.t.sol	faea1c6a80ed42460b28308c50fe9422e9f4beb6
FILE	zkp2p-v2-contracts	test-foundry/deterministic/escrow/EscrowPaymentMethod.t.sol	9304d406e0122fd6eafc94620258f1180b9e8544
FILE	zkp2p-v2-contracts	test-foundry/deterministic/escrow/EscrowPruning.t.sol	99bb10bd67849dd5ce9a87e4e2fb90b5161962d3
FILE	zkp2p-v2-contracts	test-foundry/deterministic/escrow/EscrowRateRange.t.sol	83cef46aecd874b8251c57204a396ff7f56267ff
FILE	zkp2p-v2-contracts	test-foundry/deterministic/escrow/EscrowUnlockFunds.t.sol	adb5fa93748e20060ea72cf10b592992179b0fb9
FILE	zkp2p-v2-contracts	test-foundry/deterministic/escrow/EscrowUnlockTransfer.t.sol	55fd3a9c4d4828e0621294187d7cb42e448859b7
FILE	zkp2p-v2-contracts	test-foundry/deterministic/escrow/EscrowV2BranchAuthorization.t.sol	4ae8818a58e2bceed3941edf550e34b161f36c10
FILE	zkp2p-v2-contracts	test-foundry/deterministic/escrow/EscrowV2BranchGovernanceLifecycle.t.sol	a381911385537c7aed369162d56fbd76c5d14b77
FILE	zkp2p-v2-contracts	test-foundry/deterministic/escrow/EscrowV2BranchStatePause.t.sol	4718d2d266a99db1cfaa8613008b7f23f09b127b
FILE	zkp2p-v2-contracts	test-foundry/deterministic/escrow/EscrowV2BranchValidation.t.sol	f03e1dcec1d00422fcf35dc00ba8fdd63682809f
FILE	zkp2p-v2-contracts	test-foundry/deterministic/escrow/EscrowV2Configuration.t.sol	925d81c4906e04321e127b024b063f73cfa5e229
FILE	zkp2p-v2-contracts	test-foundry/deterministic/escrow/EscrowV2CurrencyRate.t.sol	cc302e6348cc5ba347c9ac7615324d15dc7bd302
FILE	zkp2p-v2-contracts	test-foundry/deterministic/escrow/EscrowV2Delegation.t.sol	428f2a52ba52987bef5897da299b7744014f010e
FILE	zkp2p-v2-contracts	test-foundry/deterministic/escrow/EscrowV2Lifecycle.t.sol	bc3719a92427ea9927a76522a0fcfa100db6c831
FILE	zkp2p-v2-contracts	test-foundry/deterministic/escrow/EscrowV2Management.t.sol	c3a1d0c36ef2348a38be31a038c0e0f466daf563
FILE	zkp2p-v2-contracts	test-foundry/deterministic/escrow/EscrowV2OracleRateConfig.t.sol	90384ad46028447b5e1d4a824ce36ee0bd6d628b
FILE	zkp2p-v2-contracts	test-foundry/deterministic/escrow/EscrowV2PythOracle.t.sol	ab3332ed13abb9509deb2b79abcef75ad9e059ba
FILE	zkp2p-v2-contracts	test-foundry/deterministic/escrow/EscrowWithdraw.t.sol	ec5c3458c39cb1ea54e9496f0e0abb1f589dfbfa
FILE	zkp2p-v2-contracts	test-foundry/deterministic/guardian/IntentGuardian.t.sol	766b292ea1ec3d9e075912dacefd74bf85c734e2
FILE	zkp2p-v2-contracts	test-foundry/deterministic/guardian/IntentGuardianEscrowCompatibility.t.sol	383267ad6c5bb76d16c5fb8f568949d55d6cddf7
FILE	zkp2p-v2-contracts	test-foundry/deterministic/helpers/EscrowLegacyFixture.sol	b3a527bef6ff24ebcea88b0811f859b7386fffb0
FILE	zkp2p-v2-contracts	test-foundry/deterministic/helpers/EscrowV2LegacyFixture.sol	c7d8d03dc3edecebd56c03b8be7fd3974f2efeb7
FILE	zkp2p-v2-contracts	test-foundry/deterministic/helpers/OrchestratorLegacyFixture.sol	517a0789688611f7a113b975e2f0f660b1f8cdcb
FILE	zkp2p-v2-contracts	test-foundry/deterministic/helpers/OrchestratorV2LegacyFixture.sol	781a0a596424150d101b41db410052ccac6c083d
FILE	zkp2p-v2-contracts	test-foundry/deterministic/helpers/RiskManagerFixture.sol	59e58aa54368b5fadb482c5973f4c60411337cb1
FILE	zkp2p-v2-contracts	test-foundry/deterministic/hooks/WhitelistPreIntentHook.t.sol	296d1b3d4b9509f550fe4ed59bc7027a2b462a11
FILE	zkp2p-v2-contracts	test-foundry/deterministic/hooks/WhitelistPreIntentHookV2.t.sol	5024309490614281737d99714e72929d52083723
FILE	zkp2p-v2-contracts	test-foundry/deterministic/hooks/WhitelistPreIntentHookV2Gas.t.sol	a0dbd7c7d653b5dd05da82b488e058b82501fd23
FILE	zkp2p-v2-contracts	test-foundry/deterministic/integration/RiskManagerOrchestratorV3.t.sol	eda90b246f22e307eb80891ac06452839a24b180
FILE	zkp2p-v2-contracts	test-foundry/deterministic/integration/UnifiedPaymentVerifierV2Compatibility.t.sol	5e301c6e61e1adb84441f3ecab46b58884124fac
FILE	zkp2p-v2-contracts	test-foundry/deterministic/libs/RiskCallbackLibraries.t.sol	9c4887503a5ea888f3828827ab96cf6458f554ec
FILE	zkp2p-v2-contracts	test-foundry/deterministic/libs/ThresholdSignature.t.sol	3418b23f4460575928cdf0c7a7ea03552d8bbff6
FILE	zkp2p-v2-contracts	test-foundry/deterministic/oracles/OracleAdapter.t.sol	ac156d019cc89a7a49ec74e1971642d6996bf9e6
FILE	zkp2p-v2-contracts	test-foundry/deterministic/orchestrator/OrchestratorCancel.t.sol	e525fa8842e3dc3140e53a1baae1ad399cfae696
FILE	zkp2p-v2-contracts	test-foundry/deterministic/orchestrator/OrchestratorFulfillAccounting.t.sol	db4695ca74337531405cba92b47e6b27be9293ad
FILE	zkp2p-v2-contracts	test-foundry/deterministic/orchestrator/OrchestratorFulfillCore.t.sol	ea24c8dda1db3ddafb2d681ee4297f60f8275c09
FILE	zkp2p-v2-contracts	test-foundry/deterministic/orchestrator/OrchestratorFulfillHook.t.sol	6ee6bf35a37220b7b692ee3da685d82a420312df
FILE	zkp2p-v2-contracts	test-foundry/deterministic/orchestrator/OrchestratorFulfillPartialReentry.t.sol	086225f1bc0baa9a97babdccaef120c36f7f9b1f
FILE	zkp2p-v2-contracts	test-foundry/deterministic/orchestrator/OrchestratorGovernance.t.sol	77fcfa27e182284e58b0e7431733fe5a9fdd5324
FILE	zkp2p-v2-contracts	test-foundry/deterministic/orchestrator/OrchestratorManualRelease.t.sol	05c72bcefefe53e8dd3bb52844de34f338ada30b
FILE	zkp2p-v2-contracts	test-foundry/deterministic/orchestrator/OrchestratorPrune.t.sol	ed21718ce8ff73969c6a84a35ed329453f00de31
FILE	zkp2p-v2-contracts	test-foundry/deterministic/orchestrator/OrchestratorSignal.t.sol	035130b0cfa6142a47138aa3e1addd336f4641a1
FILE	zkp2p-v2-contracts	test-foundry/deterministic/orchestrator/OrchestratorV2HooksGovernance.t.sol	a02858c3414a4edf5c351ad846695e278e705a4d
FILE	zkp2p-v2-contracts	test-foundry/deterministic/orchestrator/OrchestratorV2Lifecycle.t.sol	8273df63e6d115934e5868d1ccd191e1f3e8a872
FILE	zkp2p-v2-contracts	test-foundry/deterministic/orchestrator/OrchestratorV2RateManager.t.sol	5ebf2a66cdeea53735561d26aeadfc8e60941991
FILE	zkp2p-v2-contracts	test-foundry/deterministic/orchestrator/OrchestratorV3Standalone.t.sol	69736e9f5fd2c67e92db77893478f6b89a3a1a60
FILE	zkp2p-v2-contracts	test-foundry/deterministic/orchestrator/OrchestratorViews.t.sol	e9b7227f25bb8067d05b636a9b21d4d7ad08dea2
FILE	zkp2p-v2-contracts	test-foundry/deterministic/orchestrator/PreIntentHook.t.sol	73f83947435a8e850e46528d6acdf49d62fcdcb0
FILE	zkp2p-v2-contracts	test-foundry/deterministic/periphery/ProtocolViewer.t.sol	39162705a93bd442e66d57b7b0f5ad30086a296e
FILE	zkp2p-v2-contracts	test-foundry/deterministic/periphery/ProtocolViewerV2.t.sol	8a10bb7546af4e9b01bf8f24d8d6113e33e3801d
FILE	zkp2p-v2-contracts	test-foundry/deterministic/rateManager/RateManagerV1.t.sol	f987b8ef8f6178226ff604ea104ddb9e4caa830e
FILE	zkp2p-v2-contracts	test-foundry/deterministic/registries/AddressGroupRegistry.t.sol	b9a10609c7caad466df82770797de39685d40e55
FILE	zkp2p-v2-contracts	test-foundry/deterministic/registries/AddressGroupRegistryResolver.t.sol	84c94fda4afd38da29e71ea0af2a0d3368b468a7
FILE	zkp2p-v2-contracts	test-foundry/deterministic/registries/Registry.t.sol	19c3b1797cbd3cd714d827b3d8cd433daf48a7ea
FILE	zkp2p-v2-contracts	test-foundry/deterministic/staking/RiskManagerAdmissionAndExtension.t.sol	fc1af0c1d0ba2842f60c99bac14bcc019f37201c
FILE	zkp2p-v2-contracts	test-foundry/deterministic/staking/RiskManagerSettlement.t.sol	308e56344a04c4ba4575079e15abfb80caea2b7a
FILE	zkp2p-v2-contracts	test-foundry/deterministic/staking/RiskManagerValidation.t.sol	172fe31468dba5b92a08d1e6b1bacd5981517a5d
FILE	zkp2p-v2-contracts	test-foundry/deterministic/staking/StakeVault.t.sol	a506ea5a337e099863b55afe245cf180fa965365
FILE	zkp2p-v2-contracts	test-foundry/deterministic/verifiers/AttestationVerifier.t.sol	8fdb5d9552c8b0d10de475f780c3d6168f0ed185
FILE	zkp2p-v2-contracts	test-foundry/deterministic/verifiers/BaseUnifiedVerifier.t.sol	17aa6fc73aee91186cd1e8de999d936cb5d8f0e5
FILE	zkp2p-v2-contracts	test-foundry/deterministic/verifiers/UnifiedPaymentVerifier.t.sol	bbfb106a6e23c441857e98938cf96b3b5632a69a
FILE	zkp2p-v2-contracts	test-foundry/deterministic/verifiers/UnifiedPaymentVerifierV3.t.sol	da6a6d38ff98e1862989147dd0fbac03ecf8aabc
FILE	zkp2p-v2-contracts	test-foundry/fuzz/BoundedCallFuzz.t.sol	bd6c93b0cf62c1986291e226df1cdcfd5b2a5422
FILE	zkp2p-v2-contracts	test-foundry/fuzz/IntentGuardianFuzz.t.sol	7f9ed0c32d7f80b54fd9a459c0c727545fae4a61
FILE	zkp2p-v2-contracts	test-foundry/fuzz/OrchestratorV2FlowFuzz.t.sol	7866740a67084c1859516e21d055d0be288d8165
FILE	zkp2p-v2-contracts	test-foundry/fuzz/RegistryNullifierFuzz.t.sol	ef6a11d7d61a6ce0f410d6fe0f07c68d3fd757cb
FILE	zkp2p-v2-contracts	test-foundry/fuzz/RiskManagerFuzz.t.sol	0b4913ca45c537ee83587cca376b3e58504e61a7
FILE	zkp2p-v2-contracts	test-foundry/fuzz/StakeVaultFuzz.t.sol	b262c478031f7b240391d9593fb49b75ef19fb12
FILE	zkp2p-v2-contracts	test-foundry/fuzz/WhitelistHookV2AttachFuzz.t.sol	2813972296e93a7f87ee077af0cf3b5f80391fe1
FILE	zkp2p-v2-contracts	test-foundry/invariant/RiskManagerInvariant.t.sol	2980209fd19b41d51b9b65543ce73b60ae153057
FILE	zkp2p-v2-contracts	test-foundry/invariant/StakeVaultInvariant.t.sol	b5fc60a98cb813de141c966fe4e8f20429069c53
FILE	zkp2p-v2-contracts	test-foundry/invariant/handlers/NullifierHandler.sol	69997c82bebb63b5b59b4ff6bc2b58a57567b064
REPO	zkp2p-indexer	origin/main	9bc2e14586b6275dd14e4b2d4e4d6262fd582691
FILE	zkp2p-indexer	config.base_prod.yaml	0aaaa9dab68552a8dcc6bd6c04c28d6c60a2237a
FILE	zkp2p-indexer	config.base_staging.yaml	ff23e969eec4547fdf0eda06d406cfcc0f3ffb9a
FILE	zkp2p-indexer	config.local.yaml	d46218125669cc2e0e4f2ab830f7ccc6b6b13c15
FILE	zkp2p-indexer	package.json	b7f659b67a3d29f57853493b85dc61c1e08f5735
FILE	zkp2p-indexer	packages/indexer-schema/package.json	a0baae4e6d00baa5059714fddd313e4c211c6690
FILE	zkp2p-indexer	schema.graphql	c6c79e4bbb437beff8d6100850c541dbb25e02f2
FILE	zkp2p-indexer	schema/domain.graphql	1185060adeaf85eb0505de92aafed4aa5e70e6f7
FILE	zkp2p-indexer	schema/events_intent_guardian.graphql	e25b29b309ba3f194f6ac654f43b5cdca2d12bfb
FILE	zkp2p-indexer	schema/events_v2.graphql	bdf81de50b94f9a3cb9ff2be71be4ed12cbf0b50
FILE	zkp2p-indexer	schema/events_v21.graphql	d08923705adbd70050a7f2a14896c6f1c498f718
FILE	zkp2p-indexer	schema/events_v22.graphql	50413db45775b8e458c92f777698a4001840f330
FILE	zkp2p-indexer	schema/events_v3.graphql	6973768968183bfb9ada5b36b6c1cfec5d1e99d7
FILE	zkp2p-indexer	src/config/contractAddresses.ts	da925ae566781e6edfaecd09787a402f447c63fe
FILE	zkp2p-indexer	src/handlers/intent_guardian.ts	c5b197faa815038e0df2c2f2ec48f6996f6a86dc
FILE	zkp2p-indexer	src/handlers/makerStats.ts	86596e500640e830be30401508f3716e59912d51
FILE	zkp2p-indexer	src/handlers/v2/EventHandler_v2.ts	60badb8c9c7ca6911856c04214a3f4ed0df249df
FILE	zkp2p-indexer	src/handlers/v2/currencyHandlers.ts	7fb428995d1eecdd2a160e01b7350230f97a5ba3
FILE	zkp2p-indexer	src/handlers/v2/depositHandlers.ts	421ab4648f5348eb25673b9c11720763be93ae7b
FILE	zkp2p-indexer	src/handlers/v2/intentHandlers.ts	35ed0080c43f6bb19d250f901c97419d281afb22
FILE	zkp2p-indexer	src/handlers/v2/taker_stats.ts	d733169f5687de9f8996cd56be121f15cd0fccb4
FILE	zkp2p-indexer	src/handlers/v21/BlockHandler_v21.ts	7e4f94dcc569b1d3d4def03de1c698810dbdb1a4
FILE	zkp2p-indexer	src/handlers/v21/EventHandler_v21.ts	082703bc01d39e5b7d1a065f77963c4794214ac1
FILE	zkp2p-indexer	src/handlers/v21/blockSweepSchedule.ts	a86d6f86a063c5ef2cfb163fa7258a6196e0eed3
FILE	zkp2p-indexer	src/handlers/v21/escrow_currency.ts	2f7d87ae183a9168ffe1596ad3bc7b75f6b691e3
FILE	zkp2p-indexer	src/handlers/v21/escrow_deposit.ts	0ff442953ae651b7d289ed700c070b049f77c455
FILE	zkp2p-indexer	src/handlers/v21/escrow_funds.ts	23a91716f2509cd752d47899c3ad219e92cac49b
FILE	zkp2p-indexer	src/handlers/v21/orchestrator_intents.ts	e0cf0c4627a601bd5824fbca23b9ed67df41ac7f
FILE	zkp2p-indexer	src/handlers/v21/taker_stats.ts	29b060b0bc3aaf08bb2b6f8dcd179aea81b8e8fd
FILE	zkp2p-indexer	src/handlers/v21/unified_payment_verifier.ts	639a49e419011a4c9d49202ee5551f22a7668cda
FILE	zkp2p-indexer	src/handlers/v21/whitelist_hook.ts	58e496482b9596970d5079518ef9f637f79b7c86
FILE	zkp2p-indexer	src/handlers/v22/EventHandler_v22.ts	d962f3b8b6de674672a82701c5af215cafdc2386
FILE	zkp2p-indexer	src/handlers/v22/chainlink_aggregator_v3.ts	3fff08d2f6ff884696e4bb192383ae077f8302f5
FILE	zkp2p-indexer	src/handlers/v22/escrow_v22.ts	1ae262de9294286158e981a2abab96b828cc5b80
FILE	zkp2p-indexer	src/handlers/v22/orchestrator_registry.ts	881e8ee2332bada57cb74c29723c67dc8a123a2a
FILE	zkp2p-indexer	src/handlers/v22/orchestrator_v22.ts	35671e52d054ee4d6e86e232ea782a2ab9afb23c
FILE	zkp2p-indexer	src/handlers/v22/rate_manager_v1.ts	1ba3f01918d210f330ab7593df20b3d18677113f
FILE	zkp2p-indexer	src/handlers/v3/EventHandler_v3.ts	8a8b03bed31d653708a9e23f62b7148a4c5f5f55
FILE	zkp2p-indexer	src/handlers/v3/address_group_registry.ts	4e8d7ba7150023d20141df77a81b6357c342f474
FILE	zkp2p-indexer	src/handlers/v3/admin_events.ts	7c8346ce25e5591c9da5d1d2b1600d404ae19e27
FILE	zkp2p-indexer	src/handlers/v3/groupWhitelistIds.ts	4ce03f8118fadd557f0837ec286ea331aa44a853
FILE	zkp2p-indexer	src/handlers/v3/orchestrator_v3.ts	11c584476670e4656c5e2f30929065d6803b47db
FILE	zkp2p-indexer	src/handlers/v3/payment_binding.ts	66832e3679e9a3320354931499737c8b1bac2c41
FILE	zkp2p-indexer	src/handlers/v3/risk_exposure.ts	7d488a8e04b6b604580e2b8d39d00be0d33b5e95
FILE	zkp2p-indexer	src/handlers/v3/risk_manager.ts	a13928ffd0b79855d4b9d2c278054011ff492216
FILE	zkp2p-indexer	src/handlers/v3/stakeRiskIds.ts	d2b3d32d5d281245b08e44a44a296dfb7b511847
FILE	zkp2p-indexer	src/handlers/v3/stake_vault.ts	a688c0a3a252b5c084430a0419e1511a173a582b
FILE	zkp2p-indexer	src/handlers/v3/whitelist_hook_v2.ts	26dc23c3154acda8465bdd79ba06d853843de696
FILE	zkp2p-indexer	src/services/chainlinkFeeds.ts	c1a7ff5cda2fecffdf58472f1bd28804e31fb44d
FILE	zkp2p-indexer	src/types/enums.ts	21fda4e8dbe0f268081d9fae6b72f4e8f3d35a3f
FILE	zkp2p-indexer	src/types/envioEvents.ts	2a3fe9fc35cdeae63ec7f8c930a81e049da87a7b
FILE	zkp2p-indexer	src/types/zkp2p-contracts.d.ts	0f0842ebeb34ff9ed2bda54669fe4f527df43923
FILE	zkp2p-indexer	src/utils/chainlinkRpc.ts	8230fdf7d6794b4d3a11eb4192ab8aa70c4cdd40
FILE	zkp2p-indexer	test/config/contractAddresses.test.ts	f160422176bfcc5d34f7af8cf401329e055757de
FILE	zkp2p-indexer	test/handlers/block_handler.test.ts	28d0ec65ce4d8b723ab279e289ae531835800041
FILE	zkp2p-indexer	test/handlers/deposit_quote_updated.test.ts	6c516d56fbf1a17b956f386f0e2e0605cb773e1f
FILE	zkp2p-indexer	test/handlers/intent_guardian.test.ts	f0957be8148e5f55edaa852b45f1e8df29d1f021
FILE	zkp2p-indexer	test/handlers/maker_stats_addProfit.test.ts	c83eccc52f1f7ed55158fbc8cf587910a8289da0
FILE	zkp2p-indexer	test/handlers/notifications.test.ts	05907cae97b213c4ff914cc3f468df21dcb06d88
FILE	zkp2p-indexer	test/v22/chainlink_aggregator_v3.test.ts	5b55901a2738d12d0b093b7d5a4d13734d9ff0b0
FILE	zkp2p-indexer	test/v3/address_group_registry.test.ts	4c11e4981620c5a6abd5684277d38bde52a96a22
REPO	curator	origin/main	047205185633d7c9348e3cdfcca152e233efdcda
FILE	curator	package.json	57bbc8ed01f41865264c48e47ae21bca5a56c31b
FILE	curator	prisma/schema.prisma	113a9f9b043f36c7c90f9dceacc8c6cd535b7c89
FILE	curator	src/api/v2/earn/chain/__tests__/chainlinkRates.test.ts	aef9a2f0a7b0894952e60c130436773b4ac7c36b
FILE	curator	src/api/v2/earn/chain/__tests__/createDepositArgs.test.ts	df677c335fa8a4a60ae58d8acf84d4661d18d781
FILE	curator	src/api/v2/earn/chain/__tests__/earnChainConfig.test.ts	0e7ec369fe721c69e63501827031feb584083d46
FILE	curator	src/api/v2/earn/chain/__tests__/earnFeedCatalog.test.ts	769fbad90113a432781c69643eab3ab315e98a61
FILE	curator	src/api/v2/earn/chain/__tests__/earnTxErrorClassifier.test.ts	50a648afe11b7c0af71fbf8ec9e7aa9ce7b5d4f2
FILE	curator	src/api/v2/earn/chain/__tests__/earnVaultRateRunner.test.ts	49b852f2b7a522c8b3fd28936a570577725164ca
FILE	curator	src/api/v2/earn/chain/__tests__/escrowCalldata.test.ts	dbc9509b9be40dfd498914817ccb915f42d4c5a1
FILE	curator	src/api/v2/earn/chain/__tests__/escrowReads.test.ts	b311da4006e9163ab408b87c00c5962034585ee9
FILE	curator	src/api/v2/earn/chain/__tests__/privyTxSubmitter.test.ts	c6b390638c9c00f57f03da6e97d8ce2dee94d113
FILE	curator	src/api/v2/earn/chain/__tests__/rateManager.test.ts	c5fca3b6d2b632ae6cd416ede2b91e961707a3fd
FILE	curator	src/api/v2/earn/chain/__tests__/rateManagerReads.test.ts	558701190105c520852c320d71b227ed55da163c
FILE	curator	src/api/v2/earn/chain/__tests__/rateMath.test.ts	fabb1fbf430545ae9214b8801dea631dc0c815c0
FILE	curator	src/api/v2/earn/chain/__tests__/riskHook.test.ts	970a76c05c7750a705c213f95e509f4485b3dc72
FILE	curator	src/api/v2/earn/chain/__tests__/whitelistCalldata.test.ts	ce2e3e5baffd09220c0b98c0b288ab267265efab
FILE	curator	src/api/v2/earn/chain/__tests__/whitelistReads.test.ts	80733ca0764c310d7add814ea5ca36ce82057a57
FILE	curator	src/api/v2/earn/chain/abi.ts	f7cdd20130787eb75778e48136071713b435f769
FILE	curator	src/api/v2/earn/chain/abis/OrchestratorV3.json	ff01f9f169f77a010f1c529368192e5780280982
FILE	curator	src/api/v2/earn/chain/abis/RiskManager.json	07d07f4168faa3693c4d44e46e88d9aa51402a33
FILE	curator	src/api/v2/earn/chain/chainlinkRates.ts	54e78a8c1edf96d7b723a58c2110bcf749ca7e72
FILE	curator	src/api/v2/earn/chain/createDepositArgs.ts	f25a099d12691c78659c82389f3fd92f03e04809
FILE	curator	src/api/v2/earn/chain/earnChainConfig.ts	c8104033b7f4c0b93e3a1bcb44432858e6ff16cc
FILE	curator	src/api/v2/earn/chain/earnFeedCatalog.ts	23d2513bbaa30c7f05d264763ee2ac8d5c5a97b8
FILE	curator	src/api/v2/earn/chain/earnTxErrorClassifier.ts	b9a92c8bd69bb486abe99f97718afdbc9735d93b
FILE	curator	src/api/v2/earn/chain/escrowCalldata.ts	47ec8dfc5ae93685f6bd18e98fafd4873b6ee6ee
FILE	curator	src/api/v2/earn/chain/escrowReads.ts	adea430a9583ed0471c54b6019b1c02027567b75
FILE	curator	src/api/v2/earn/chain/paymentMethodCatalog.ts	d12391d2a918f86eeae45be8f8ed997a2c491086
FILE	curator	src/api/v2/earn/chain/privyTxSubmitter.ts	b1165f40c4a6c2f1672d1b412b6718306c11837d
FILE	curator	src/api/v2/earn/chain/rateManager.ts	c0b62a2ee57d18507efb151a251cedda2a48d148
FILE	curator	src/api/v2/earn/chain/rateManagerReads.ts	028a19f1935d78a48c6cfe7c43525fb26dfca490
FILE	curator	src/api/v2/earn/chain/rateManagerWrites.ts	3f00f6ae465f9498ea8f97ab4a2d7b481a038f51
FILE	curator	src/api/v2/earn/chain/rateMath.ts	601e1fab31cc402a1cf65dba706a89893f486132
FILE	curator	src/api/v2/earn/chain/riskHook.ts	3c33b14f73e50c1855c1b3d342ec65283b4895dd
FILE	curator	src/api/v2/earn/chain/whitelistCalldata.ts	c6ef8ee3c6bec6378432ef1a3e13a6f1e0878d61
FILE	curator	src/api/v2/earn/chain/whitelistReads.ts	6eceeb85a77f94d3911d88f13d69e752dbe45713
FILE	curator	src/common/graphql/types/indexerRiskEntities.ts	d428d4bc5516c179aafe215b3823ddc6f83a231f
FILE	curator	src/common/graphql/types/leaderboard.ts	b719be39d042a3e9d84cd6d50c08cbefead69ee9
FILE	curator	src/common/graphql/types/takerCapacity.ts	4393937082e9f7775f64f4bf8686de5509159282
FILE	curator	src/common/services/capacity/__tests__/capacityChainConfig.test.ts	9a187eef2274cc831cdad2007f9fced5bbbe7805
FILE	curator	src/common/services/capacity/capacityChainConfig.ts	3baa0a02dce85ccbfd99c93e0dda217811e6d327
FILE	curator	src/services/__tests__/makerReferralChain.test.ts	2bde6b99b39aec2c556118fe5233a9002fc9cc0c
FILE	curator	src/services/makerReferralChain.ts	a83eae7bfd510d3961a87ada2245d7f9fbef9f7e
FILE	curator	src/types/coinbase-cdp-sdk.d.ts	070bb28a4da6bb1f2ff81469f085b41107b57b68
FILE	curator	src/types/express.d.ts	3c0704cfb6b91519a2eb24db0ff958c66589c438
FILE	curator	src/types/openapi3-ts.d.ts	34e012065f942c9b5157fcb4fd8cc863ce5da0be
